<?xml version="1.0" encoding="UTF-8" standalone="yes"?>
<addon id="repository.Anil" name="Anil Addon Repository" version="1.8" provider-name="Anil">
	<extension point="xbmc.addon.repository" name="Anil Addons Repository">
		<info compressed="false">https://raw.github.com/myghspace/GujalKodiWork-1.8/master/addons.xml</info>
        <checksum>https://raw.github.com/myghspace/GujalKodiWork-1.8/master/addons.xml.md5</checksum>
		<datadir zip="true">https://raw.github.com/myghspace/GujalKodiWork-1.8/master/zips</datadir>
	</extension>
	<extension point="xbmc.addon.metadata">
		<summary>Third party Addons for Kodi</summary>
		<description>Anil Addons Repository over Gujal</description>
		<platform>all</platform>
	</extension>
</addon>
